,grupo,hogares,hogares_pobres,recall_logistica,precision_logistica,f1_logistica,recall_bosque
Área,Rural,2314,591,0.8747884940778342,0.41526104417670684,0.5631808278867102,0.8257191201353637
Área,Urbano,4427,630,0.7253968253968254,0.40949820788530467,0.5234822451317297,0.5650793650793651
Sexo del jefe(a),Jefa mujer,2481,419,0.7326968973747017,0.38910012674271227,0.5082781456953642,0.639618138424821
Sexo del jefe(a),Jefe hombre,4260,802,0.8316708229426434,0.4243002544529262,0.5619208087615838,0.7182044887780549
Dominio,Costa Centro,679,59,0.5932203389830508,0.3465346534653465,0.4375,0.4576271186440678
Dominio,Costa Norte,983,162,0.6975308641975309,0.4396887159533074,0.5393794749403341,0.5679012345679012
Dominio,Costa Sur,464,42,0.5476190476190477,0.26136363636363635,0.35384615384615387,0.3333333333333333
Dominio,Lima Metropolitana,798,144,0.7777777777777778,0.44621513944223107,0.5670886075949367,0.5625
Dominio,Selva,1420,264,0.7840909090909091,0.41818181818181815,0.5454545454545454,0.7386363636363636
Dominio,Sierra Centro,1095,258,0.8682170542635659,0.4057971014492754,0.5530864197530864,0.7713178294573644
Dominio,Sierra Norte,387,128,0.90625,0.4549019607843137,0.6057441253263708,0.8671875
Dominio,Sierra Sur,915,164,0.8780487804878049,0.39779005524861877,0.5475285171102662,0.7621951219512195
