umbral,precision,recall,f1,hogares_priorizados_%
0.1,0.24709005513579743,0.990990990990991,0.3955541026479242,72.64500815902684
0.2,0.2887687392479725,0.9623259623259623,0.444234404536862,60.36196410028186
0.3,0.32995071035082635,0.9320229320229321,0.4873661670235546,51.16451565049695
0.4,0.3687845303867403,0.8746928746928747,0.518824386689337,42.960985017059784
0.5,0.4125370605675561,0.7977067977067978,0.5438302624232273,35.02447708055185
0.6,0.4639956686518679,0.7018837018837019,0.5586701434159062,27.39949562379469
0.7,0.5155420773313116,0.556920556920557,0.5354330708661418,19.566829847203678
0.8,0.5670731707317073,0.3808353808353808,0.4556589906908378,12.16436730455422
0.9,0.6526610644257703,0.19082719082719082,0.2953105196451204,5.29595015576324
