variable,coeficiente,odds_ratio
departamento: Ica,-2.08559928122253,0.12423264756008318
tenencia_vivienda: Cedida por el trabajo,-1.416088753489023,0.24266127126737547
departamento: Madre de Dios,-1.1438342738987421,0.3185950960214746
tiene_telefono_fijo,-0.8559389508052566,0.42488405849979904
n_equipos,-0.7514152434497714,0.4716985119030693
departamento: Ucayali,-0.6750469807054159,0.5091325006416348
area_rural,-0.6092351483210869,0.5437666108690877
tiene_auto,-0.560570585915626,0.5708832329682005
departamento: Junín,-0.5580888203808306,0.5723017908360927
tipo_vivienda: Casa de vecindad,-0.5312362423578867,0.5878777608785527
dominio: Costa Norte,-0.41299844729865315,0.6616633101925636
tiene_computadora,-0.3943625604116333,0.674109606472809
dominio: Costa Sur,-0.3824371722387764,0.6821967505246028
tiene_celular,-0.3754280587392409,0.686995141567295
material_techo: Triplay/estera/carrizo,-0.35776210238341316,0.6992394026085753
material_piso: Losetas o terrazos,-0.3501411536604525,0.7045886274352702
tiene_microondas,-0.348738091517134,0.7055779029102323
max_educacion_adultos,-0.3473220847936361,0.7065777136670236
tenencia_vivienda: Otra forma,-0.33358207017481534,0.7163531050028384
departamento: Amazonas,-0.33041171013792964,0.7186278061647821
material_piso: Parquet o madera pulida,-0.32661897460921735,0.721358546591824
departamento: Cusco,-0.3172076288578353,0.7281795483408778
fuente_agua: Camión cisterna,-0.30448231965562494,0.7375050674629058
desague: Letrina,-0.30022685222024614,0.7406501834840837
n_habitaciones,-0.2895969332467371,0.7485652285360014
combustible_cocina: Carbón,-0.28923167969779107,0.7488386945815233
dominio: Selva,-0.2868811278494044,0.7506009490831183
tipo_vivienda: Vivienda en quinta,-0.26941755531700706,0.7638242501746987
tiene_tv_cable,-0.26789447415892437,0.764988502898853
"fuente_agua: Río, acequia o laguna",-0.2592899741387841,0.7715992467735363
material_paredes: Triplay/calamina/estera,-0.24992612267199923,0.7788583209176481
departamento: Lambayeque,-0.24534478692994793,0.7824347184649106
departamento: San Martín,-0.23811104338574288,0.7881151712576391
material_paredes: Madera,-0.23691326418692277,0.7890597247864033
material_piso: Láminas asfálticas o vinílicos,-0.22955728300236394,0.7948854339094806
material_techo: Concreto armado,-0.22904129539518994,0.7952956907771285
dominio: Sierra Norte,-0.22649874464967906,0.7973203432287076
tipo_vivienda: Departamento en edificio,-0.22601846647225593,0.7977033707624961
tiene_lavadora,-0.2187574264797116,0.8035166063671275
desague: Red pública dentro de la vivienda,-0.21266199911108535,0.8084293408781886
dominio: Sierra Sur,-0.21021793814312678,0.810407607993548
jefe_mujer,-0.16987772558119954,0.8437679815285829
tiene_motocicleta,-0.16375219153654644,0.8489523733988842
material_techo: Paja u hojas de palmera,-0.16113658927822813,0.8511758016783567
tiene_refrigeradora,-0.16083091177044403,0.8514360267465488
departamento: Apurímac,-0.15811226684706117,0.85375392832629
departamento: Moquegua,-0.14738873183441614,0.8629584527836162
tiene_cocina_gas,-0.13704453438827038,0.8719313943361802
material_paredes: Ladrillo o bloque de cemento,-0.12246761859524342,0.8847345534273187
combustible_cocina: Gas natural,-0.11882792756832558,0.8879605811533564
desague: Otra,-0.1065536763315541,0.8989267957735046
combustible_cocina: Electricidad,-0.10635010813851717,0.899109807304024
combustible_cocina: Gas (balón GLP),-0.0929621986722076,0.9112279452713563
n_menores_14,-0.09230033117604775,0.9118312570641325
fuente_agua: Pozo,-0.0773062327434881,0.9256063592263041
educacion_jefe,-0.07661648939850117,0.9262450102799954
material_paredes: Otro,-0.06579844860303853,0.936319561790539
n_mayores_65,-0.06057008573009888,0.9412278000691344
material_piso: Otro,-0.05573243376952977,0.9457921640821387
jefe_edad,-0.045556458265599814,0.9554656571152944
departamento: Áncash,-0.04396693191033412,0.9569856026355381
desague: Pozo ciego o negro,-0.03648411039565624,0.9641734141086766
desague: Pozo séptico o biodigestor,-0.03617258143205875,0.9644738288446182
material_paredes: Tapia,-0.029235968941888596,0.9711872673941103
fuente_agua: Red pública dentro de la vivienda,-0.02862384251480662,0.971781938774593
tipo_vivienda: Otro,-0.017311653508644217,0.9828373321964775
tiene_internet,-0.016013967569719005,0.9841135742843276
material_techo: Otro,0.0031697694090564387,1.003174798440329
personas_por_habitacion,0.007298433674124013,1.00732513215401
material_paredes: Quincha,0.025605177968128025,1.0259358064395359
material_paredes: Adobe,0.036057435569993135,1.0367153891202696
fuente_agua: Red pública fuera de la vivienda,0.0367299490166858,1.037412828652292
material_paredes: Piedra o sillar con cal o cemento,0.038199176980030565,1.038938144833891
dominio: Sierra Centro,0.039153633118074876,1.0399302391031933
tiene_electricidad,0.044334447543652636,1.0453319051200465
tipo_vivienda: Choza o cabaña,0.04936590728529307,1.0506047043321283
fuente_agua: Manantial o puquio,0.054929251555285385,1.0564658687143396
material_techo: Tejas,0.05768598479816466,1.0593822813334417
dominio: Costa Centro,0.06303046625535172,1.065059287105226
departamento: Lima,0.06833753087255871,1.0707266507939648
departamento: Callao,0.07624186856572453,1.079223572849983
"desague: Río, acequia o canal",0.08641659320663307,1.0902604287990694
tenencia_vivienda: Alquilada,0.09901013579034848,1.104077490200138
departamento: Huancavelica,0.10028901918262692,1.1054903798341174
material_techo: Calamina o fibra de cemento,0.1139448288286967,1.1206902933823564
tiene_tv_color,0.12066440368302021,1.12824621355202
material_piso: Cemento,0.12082254844115299,1.1284246538859062
combustible_cocina: Leña,0.1411004311841193,1.1515402927326377
material_techo: Madera,0.16283662374025215,1.1768444055442795
fuente_agua: Pilón de uso público,0.16687592171897364,1.1816076443669519
desague: Red pública fuera de la vivienda,0.17256409504250275,1.1883479853887016
departamento: Ayacucho,0.174696948235972,1.1908852620417443
material_techo: Caña o estera con torta de barro,0.17995277270870602,1.1971608231237858
fuente_agua: Otra,0.18081723918980264,1.1981961759773005
desague: Campo abierto,0.20276852366950018,1.2247889257859033
departamento: Huánuco,0.2143917570729488,1.239107989039537
departamento: Tumbes,0.21611426933093686,1.2412442070422878
material_piso: Madera,0.23086975389966516,1.259695158382014
combustible_cocina: Otro,0.23592147532085034,1.266074888139019
tiene_radio,0.23619939797997427,1.2664268079395589
tipo_vivienda: Casa independiente,0.2369047406259237,1.2673203878781443
"tenencia_vivienda: Propia, comprándola a plazos",0.2424077777090407,1.2743137236132709
"tenencia_vivienda: Propia, totalmente pagada",0.2692828581902692,1.3090253572282207
tasa_dependencia,0.28299116038973926,1.3270934307766007
departamento: Loreto,0.3012485929782882,1.3515452844473135
departamento: Piura,0.33060169743812473,1.3918053222666151
material_paredes: Piedra con barro,0.3741296249089902,1.453725577289836
material_piso: Tierra,0.3800075351287798,1.4622956079784317
tenencia_vivienda: Cedida por otro hogar o institución,0.4498888303795348,1.5681378465105156
"tenencia_vivienda: Propia, por invasión",0.4587312140226998,1.58206540863153
departamento: Arequipa,0.47095774484345737,1.601527313457287
tipo_vivienda: Vivienda improvisada,0.5273632621726363,1.6944585701639219
departamento: Tacna,0.6452896957455735,1.9065392655918152
departamento: Pasco,0.6747911030747977,1.9636227383703495
departamento: La Libertad,0.7683112581396657,2.1561220440344493
departamento: Cajamarca,0.7999090266420253,2.225338472770071
departamento: Puno,0.8715819364160922,2.3906897829503975
dominio: Lima Metropolitana,1.1864993232342518,3.275594316250488
n_miembros,1.2674690958262234,3.551851780605824
