,importancia
personas_por_habitacion,0.10810071659175523
n_equipos,0.09257420336102826
n_miembros,0.07964129753719504
departamento,0.05559448988443849
n_menores_14,0.05204539663748747
material_piso,0.04564899065632478
max_educacion_adultos,0.04550372352786569
educacion_jefe,0.040577902732417515
jefe_edad,0.03955401881373208
tiene_computadora,0.03943920734805307
dominio,0.03925903288992627
tasa_dependencia,0.037868519148170576
material_paredes,0.03340437271475919
combustible_cocina,0.032965125441720304
tiene_refrigeradora,0.03210610597242175
material_techo,0.03149562871376009
desague,0.02483553945856936
tiene_lavadora,0.0219736027364536
n_habitaciones,0.020293848163374928
tenencia_vivienda,0.014840469480371673
tiene_tv_color,0.011924826338043301
fuente_agua,0.011895737958410401
tiene_tv_cable,0.009262206606511534
n_mayores_65,0.008812693072632907
tiene_cocina_gas,0.008605818408658658
tiene_microondas,0.008338409922604664
tiene_radio,0.008140152895720175
tiene_auto,0.007980121890783811
jefe_mujer,0.00797593727058936
area_rural,0.007703341257073909
tiene_motocicleta,0.005739489126359551
tipo_vivienda,0.004861588539594865
tiene_internet,0.0038222694757872352
tiene_celular,0.003818241681599513
tiene_electricidad,0.0023191603491440602
tiene_telefono_fijo,0.0010778133966605182
